Wall time,Step,Value
1631878074.977,0,0.15144933760166168
1631879145.425372,1000,0.1500411182641983
1631880220.059938,2000,0.14462539553642273
1631881290.150836,3000,0.13811324536800385
1631882376.501075,4000,0.13143417239189148
1631883453.66348,5000,0.12516804039478302
1631884513.029838,6000,0.11907271295785904
1631885604.537343,7000,0.11334409564733505
1631886673.988511,8000,0.10820446163415909
1631887777.838494,9000,0.10309245437383652
1631888820.148144,10000,0.09836556762456894
