Wall time,Step,Value
1631878074.967629,0,0.0
1631879145.416526,1000,0.43959271907806396
1631880220.050939,2000,0.5042223930358887
1631881290.140209,3000,0.46380481123924255
1631882376.491433,4000,0.5651077628135681
1631883453.65479,5000,0.5289081931114197
1631884513.021792,6000,0.5679279565811157
1631885604.528895,7000,0.5856754779815674
1631886673.979866,8000,0.5323622822761536
1631887777.830458,9000,0.6097216010093689
1631888820.139928,10000,0.579692006111145
