Wall time,Step,Value
1631878074.976414,0,1.1394271850585938
1631879145.424719,1000,0.22039788961410522
1631880220.059244,2000,0.544321596622467
1631881290.14998,3000,0.2719753384590149
1631882376.50022,4000,0.3604150116443634
1631883453.662855,5000,0.383636474609375
1631884513.029256,6000,0.3825368881225586
1631885604.536761,7000,0.32464519143104553
1631886673.987913,8000,0.3788122832775116
1631887777.837914,9000,0.3398055136203766
1631888820.147552,10000,0.31534212827682495
