Wall time,Step,Value
1631878074.975751,0,0.7210415005683899
1631879145.424065,1000,0.1891966015100479
1631880220.058619,2000,0.1777765154838562
1631881290.149031,3000,0.16631217300891876
1631882376.499515,4000,0.16176149249076843
1631883453.662243,5000,0.16537636518478394
1631884513.028658,6000,0.16000854969024658
1631885604.536181,7000,0.14618265628814697
1631886673.987273,8000,0.1581677347421646
1631887777.83733,9000,0.16192947328090668
1631888820.146956,10000,0.1587122678756714
