Wall time,Step,Value
1631878074.973894,0,0.0
1631879145.422331,1000,0.5844444632530212
1631880220.056765,2000,0.6200000047683716
1631881290.147115,3000,0.6377778053283691
1631882376.497112,4000,0.6422222256660461
1631883453.660655,5000,0.6355555653572083
1631884513.027171,6000,0.6355555653572083
1631885604.534642,7000,0.6466666460037231
1631886673.985513,8000,0.6377778053283691
1631887777.835828,9000,0.644444465637207
1631888820.145294,10000,0.6266666650772095
