Wall time,Step,Value
1631878074.96979,0,0.0
1631879145.418682,1000,0.37504372000694275
1631880220.053,2000,0.5858494639396667
1631881290.142976,3000,0.5459738969802856
1631882376.493526,4000,0.5591394901275635
1631883453.657106,5000,0.5253245234489441
1631884513.023886,6000,0.6211598515510559
1631885604.531136,7000,0.6045041680335999
1631886673.982102,8000,0.5988472104072571
1631887777.832621,9000,0.5845336318016052
1631888820.141999,10000,0.6176809072494507
