Wall time,Step,Value
1631878074.966769,0,0.0
1631879145.415681,1000,0.9110081195831299
1631880220.050055,2000,0.9176673293113708
1631881290.139378,3000,0.9602831602096558
1631882376.490471,4000,0.9721385836601257
1631883453.653774,5000,0.9250200986862183
1631884513.020826,6000,0.9386835694313049
1631885604.527968,7000,0.9749178886413574
1631886673.97894,8000,0.9882203340530396
1631887777.829603,9000,0.9441248178482056
1631888820.138988,10000,0.9570267796516418
