Wall time,Step,Value
1631878074.969041,0,0.0
1631879145.417926,1000,0.4890254735946655
1631880220.052352,2000,0.5071861743927002
1631881290.141607,3000,0.5220263600349426
1631882376.492842,4000,0.5367740392684937
1631883453.656386,5000,0.5386248826980591
1631884513.02322,6000,0.5453702807426453
1631885604.530413,7000,0.5600361824035645
1631886673.981402,8000,0.536677896976471
1631887777.831908,9000,0.5398756265640259
1631888820.14135,10000,0.5501623749732971
