Wall time,Step,Value
1631878074.968337,0,0.0
1631879145.417234,1000,0.5195891261100769
1631880220.051669,2000,0.4914894998073578
1631881290.140901,3000,0.5425911545753479
1631882376.492165,4000,0.5576394200325012
1631883453.655611,5000,0.4850328266620636
1631884513.02253,6000,0.4520902931690216
1631885604.529687,7000,0.5497292280197144
1631886673.980642,8000,0.5624512434005737
1631887777.831197,9000,0.5077908039093018
1631888820.140682,10000,0.5353627800941467
