Wall time,Step,Value
1631878074.970481,0,0.0
1631879145.419373,1000,0.5132352709770203
1631880220.053661,2000,0.5279411673545837
1631881290.14394,3000,0.5764706134796143
1631882376.494228,4000,0.5838235020637512
1631883453.657804,5000,0.5647059082984924
1631884513.024592,6000,0.5779411792755127
1631885604.531832,7000,0.604411780834198
1631886673.982779,8000,0.5823529362678528
1631887777.833292,9000,0.5617647171020508
1631888820.142678,10000,0.5882353186607361
