Wall time,Step,Value
1631878074.955581,0,0.0
1631879145.40214,1000,0.47427430748939514
1631880220.038835,2000,0.5037615299224854
1631881290.127391,3000,0.5168576836585999
1631882376.477597,4000,0.5388553142547607
1631883453.642739,5000,0.5130977630615234
1631884513.010419,6000,0.526958167552948
1631885604.516953,7000,0.5561439990997314
1631886673.968191,8000,0.5384679436683655
1631887777.817805,9000,0.5317357778549194
1631888820.129529,10000,0.5454472303390503
