Wall time,Step,Value
1631878074.971216,0,0.0
1631879145.420023,1000,0.5676470398902893
1631880220.054314,2000,0.6000000238418579
1631881290.144988,3000,0.625
1631882376.494864,4000,0.6382352709770203
1631883453.658537,5000,0.6088235378265381
1631884513.025254,6000,0.6191176176071167
1631885604.532542,7000,0.645588219165802
1631886673.983447,8000,0.6338235139846802
1631887777.833943,9000,0.6132352948188782
1631888820.143342,10000,0.6367647051811218
