Wall time,Step,Value
1631878074.972829,0,0.0
1631879145.421345,1000,0.6428571343421936
1631880220.056025,2000,0.6071428656578064
1631881290.146428,3000,0.6428571343421936
1631882376.496196,4000,0.6571428775787354
1631883453.659966,5000,0.6214285492897034
1631884513.026543,6000,0.5857142806053162
1631885604.533948,7000,0.6857143044471741
1631886673.984879,8000,0.6499999761581421
1631887777.835214,9000,0.5857142806053162
1631888820.144634,10000,0.6499999761581421
