Wall time,Step,Value
1631878074.977605,0,2.011918067932129
1631879145.425978,1000,0.559635579586029
1631880220.06053,2000,0.8667235374450684
1631881290.15178,3000,0.5764007568359375
1631882376.501783,4000,0.6536106467247009
1631883453.66408,5000,0.6741808652877808
1631884513.030425,6000,0.6616181135177612
1631885604.537914,7000,0.5841720104217529
1631886673.989115,8000,0.6451845169067383
1631887777.839104,9000,0.604827344417572
1631888820.148729,10000,0.5724200010299683
