Wall time,Step,Value
1631878074.971844,0,0.0
1631879145.420666,1000,0.591176450252533
1631880220.055278,2000,0.6279411911964417
1631881290.145745,3000,0.6397058963775635
1631882376.495518,4000,0.6499999761581421
1631883453.659254,5000,0.6367647051811218
1631884513.025885,6000,0.6367647051811218
1631885604.533242,7000,0.6602941155433655
1631886673.984181,8000,0.6441176533699036
1631887777.834565,9000,0.6338235139846802
1631888820.143973,10000,0.6382352709770203
