Wall time,Step,Value
1631878074.974556,0,0.0
1631879145.423116,1000,0.5444444417953491
1631880220.057499,2000,0.699999988079071
1631881290.147783,3000,0.644444465637207
1631882376.497942,4000,0.6777777671813965
1631883453.661365,5000,0.6666666865348816
1631884513.027825,6000,0.7222222089767456
1631885604.535351,7000,0.6888889074325562
1631886673.986164,8000,0.6666666865348816
1631887777.836486,9000,0.6555555462837219
1631888820.145932,10000,0.6777777671813965
