Wall time,Step,Value
1631937075.621289,0,0.0
1631937748.199074,1000,0.5679107308387756
1631938785.978823,2000,0.5724429488182068
1631939814.694763,3000,0.5481345653533936
1631940863.553919,4000,0.5697332620620728
1631941902.519342,5000,0.553465723991394
1631942940.995506,6000,0.5556378364562988
1631943977.71666,7000,0.5753844380378723
1631945033.390579,8000,0.5618216395378113
1631946161.473701,9000,0.550905168056488
1631947107.598486,10000,0.5691732168197632
