Wall time,Step,Value
1631937075.623184,0,0.0
1631937748.201293,1000,0.5761194229125977
1631938785.981314,2000,0.5671641826629639
1631939814.697043,3000,0.5925372838973999
1631940863.556491,4000,0.5925372838973999
1631941902.521548,5000,0.5805970430374146
1631942940.997494,6000,0.5925372838973999
1631943977.719226,7000,0.5880597233772278
1631945033.393208,8000,0.60447758436203
1631946161.476301,9000,0.595522403717041
1631947107.601274,10000,0.60447758436203
