Wall time,Step,Value
1631937075.627,0,0.0
1631937748.205657,1000,0.6636363863945007
1631938785.986098,2000,0.6454545259475708
1631939814.701591,3000,0.6568182110786438
1631940863.561416,4000,0.6636363863945007
1631941902.525782,5000,0.6363636255264282
1631942941.001755,6000,0.6522727012634277
1631943977.723913,7000,0.6659091114997864
1631945033.398234,8000,0.6431818008422852
1631946161.481604,9000,0.6477272510528564
1631947107.607485,10000,0.668181836605072
