Wall time,Step,Value
1631937075.624135,0,0.0
1631937748.20239,1000,0.6537313461303711
1631938785.982528,2000,0.6238806247711182
1631939814.698174,3000,0.6194030046463013
1631940863.557738,4000,0.620895504951477
1631941902.522627,5000,0.611940324306488
1631942940.998546,6000,0.6283581852912903
1631943977.720555,7000,0.6373134255409241
1631945033.394599,8000,0.6432836055755615
1631946161.477592,9000,0.6223880648612976
1631947107.603034,10000,0.6447761058807373
