Wall time,Step,Value
1631937075.626041,0,0.0
1631937748.20457,1000,0.6571428775787354
1631938785.984892,2000,0.5571428537368774
1631939814.700436,3000,0.5285714268684387
1631940863.560309,4000,0.5714285969734192
1631941902.524726,5000,0.5785714387893677
1631942941.000658,6000,0.5928571224212646
1631943977.72274,7000,0.5785714387893677
1631945033.397067,8000,0.6428571343421936
1631946161.480231,9000,0.6142857074737549
1631947107.605986,10000,0.6071428656578064
