Wall time,Step,Value
1631937075.611807,0,0.0
1631937748.186872,1000,0.5566514134407043
1631938785.967997,2000,0.5539429783821106
1631939814.684927,3000,0.5328173637390137
1631940863.542797,4000,0.5497473478317261
1631941902.509364,5000,0.5336099863052368
1631942940.985783,6000,0.5417038202285767
1631943977.702621,7000,0.5484129190444946
1631945033.379355,8000,0.5682839155197144
1631946161.459225,9000,0.5363214015960693
1631947107.586775,10000,0.5525235533714294
