Wall time,Step,Value
1631937075.622235,0,0.0
1631937748.200185,1000,0.6208910942077637
1631938785.98007,2000,0.5999491214752197
1631939814.695909,3000,0.6431518197059631
1631940863.555304,4000,0.6400735974311829
1631941902.520396,5000,0.6069802045822144
1631942940.996559,6000,0.6176910996437073
1631943977.718032,7000,0.6434522867202759
1631945033.391924,8000,0.646463930606842
1631946161.475016,9000,0.6060348749160767
1631947107.599784,10000,0.6478915214538574
