Wall time,Step,Value
1631937075.614805,0,0.0
1631937748.192667,1000,0.48349013924598694
1631938785.971322,2000,0.49530529975891113
1631939814.688472,3000,0.46058154106140137
1631940863.546688,4000,0.4651348888874054
1631941902.512873,5000,0.4707437753677368
1631942940.989243,6000,0.4803313612937927
1631943977.706543,7000,0.45040562748908997
1631945033.383572,8000,0.5698433518409729
1631946161.462867,9000,0.4837299883365631
1631947107.591161,10000,0.4795894920825958
