Wall time,Step,Value
1631937075.627949,0,0.0
1631937748.206774,1000,0.6666666865348816
1631938785.987294,2000,0.6222222447395325
1631939814.702571,3000,0.6666666865348816
1631940863.562499,4000,0.6666666865348816
1631941902.526839,5000,0.6222222447395325
1631942941.002813,6000,0.6555555462837219
1631943977.725073,7000,0.6777777671813965
1631945033.399222,8000,0.6555555462837219
1631946161.482894,9000,0.6222222447395325
1631947107.609043,10000,0.6888889074325562
