Wall time,Step,Value
1631937075.61288,0,0.0
1631937748.190299,1000,0.965380072593689
1631938785.969154,2000,0.9597890377044678
1631939814.686149,3000,0.9358965158462524
1631940863.54415,4000,0.96991366147995
1631941902.51056,5000,0.9709749221801758
1631942940.986986,6000,0.9717880487442017
1631943977.704011,7000,0.9697327017784119
1631945033.381075,8000,0.9708767533302307
1631946161.460552,9000,0.9702796339988708
1631947107.588372,10000,0.9709389209747314
