Wall time,Step,Value
1631937075.631712,0,0.7894514799118042
1631937748.210533,1000,0.03211333230137825
1631938785.991635,2000,0.03916262090206146
1631939814.706361,3000,0.037458568811416626
1631940863.566805,4000,0.04221688210964203
1631941902.530494,5000,0.0394294299185276
1631942941.006471,6000,0.047341398894786835
1631943977.729057,7000,0.04976460337638855
1631945033.403937,8000,0.0477602481842041
1631946161.487503,9000,0.043451156467199326
1631947107.613687,10000,0.049945004284381866
