Wall time,Step,Value
1631937075.625089,0,0.0
1631937748.20349,1000,0.6626865863800049
1631938785.983658,2000,0.6238806247711182
1631939814.699305,3000,0.6313433051109314
1631940863.559053,4000,0.6447761058807373
1631941902.52368,5000,0.6223880648612976
1631942940.999606,6000,0.6402984857559204
1631943977.721747,7000,0.6492537260055542
1631945033.395891,8000,0.6447761058807373
1631946161.478899,9000,0.6373134255409241
1631947107.60444,10000,0.658208966255188
