Wall time,Step,Value
1631937075.613859,0,0.0
1631937748.19153,1000,0.6567891836166382
1631938785.970245,2000,0.5485252141952515
1631939814.687324,3000,0.5756421685218811
1631940863.545423,4000,0.6177497506141663
1631941902.511731,5000,0.5823922157287598
1631942940.98816,6000,0.5947220325469971
1631943977.705274,7000,0.5696729421615601
1631945033.382359,8000,0.5806944370269775
1631946161.461724,9000,0.5488956570625305
1631947107.589784,10000,0.5801312327384949
