Wall time,Step,Value
1631937075.630652,0,0.0006342122214846313
1631937748.209479,1000,0.031894538551568985
1631938785.990502,2000,0.03209766373038292
1631939814.70533,3000,0.03164323419332504
1631940863.565611,4000,0.029610812664031982
1631941902.529494,5000,0.02898997627198696
1631942941.00544,6000,0.028167370706796646
1631943977.727904,7000,0.02797774225473404
1631945033.402853,8000,0.025779858231544495
1631946161.486223,9000,0.028121870011091232
1631947107.612443,10000,0.028977226465940475
