Wall time,Step,Value
1631937075.633598,0,1.512228012084961
1631937748.212331,1000,0.07420245558023453
1631938785.993611,2000,0.0823950245976448
1631939814.708137,3000,0.07918490469455719
1631940863.568851,4000,0.0814608559012413
1631941902.53332,5000,0.0774860754609108
1631942941.008237,6000,0.08442498743534088
1631943977.730909,7000,0.08678236603736877
1631945033.410671,8000,0.08233374357223511
1631946161.489612,9000,0.08067908883094788
1631947107.616069,10000,0.08836722373962402
